year,TOPEX/Poseidon,Jason-1,Jason-2,Jason-3
1992.96200,-0.32000,,,
1992.98730,-0.62000,,,
1993.01290,-16.42000,,,
1993.04130,-8.52000,,,
1993.06670,-35.72000,,,
1993.09780,-35.82000,,,
1993.12130,-37.82000,,,
1993.15010,-51.92000,,,
1993.17730,-59.82000,,,
1993.20410,-55.22000,,,
1993.23150,-73.12000,,,
1993.28570,-61.72000,,,
1993.31290,-69.82000,,,
1993.34000,-68.82000,,,
1993.36720,-55.82000,,,
1993.39430,-52.22000,,,
1993.42130,-58.42000,,,
1993.44860,-40.72000,,,
1993.47590,-45.82000,,,
1993.50270,-30.02000,,,
1993.53010,-17.52000,,,
1993.58430,-1.92000,,,
1993.61210,3.18000,,,
1993.63890,23.78000,,,
1993.66590,22.98000,,,
1993.69290,26.98000,,,
1993.71950,34.98000,,,
1993.74710,37.58000,,,
1993.77430,41.68000,,,
1993.80160,34.28000,,,
1993.85590,35.88000,,,
1993.88290,18.38000,,,
1993.91030,21.18000,,,
1993.93710,13.38000,,,
1993.96460,-0.02000,,,
1993.99120,2.38000,,,
1994.01880,-22.82000,,,
1994.04540,-31.92000,,,
1994.07290,-48.62000,,,
1994.10010,-47.82000,,,
1994.12720,-52.72000,,,
1994.15450,-54.92000,,,
1994.18170,-64.12000,,,
1994.23580,-73.92000,,,
1994.26320,-64.52000,,,
1994.29020,-79.42000,,,
1994.31750,-68.02000,,,
1994.34440,-56.52000,,,
1994.37170,-52.12000,,,
1994.39880,-46.22000,,,
1994.42590,-49.52000,,,
1994.45310,-43.52000,,,
1994.50730,-14.42000,,,
1994.53450,-31.72000,,,
1994.56160,-28.02000,,,
1994.58890,3.98000,,,
1994.61590,13.58000,,,
1994.64310,20.08000,,,
1994.67030,34.58000,,,
1994.69740,46.78000,,,
1994.72460,41.78000,,,
1994.75170,48.88000,,,
1994.77870,46.68000,,,
1994.80620,39.18000,,,
1994.83320,36.08000,,,
1994.88750,39.08000,,,
1994.91450,26.48000,,,
1994.94180,24.88000,,,
1994.96910,13.48000,,,
1994.99640,-5.92000,,,
1995.02340,-12.42000,,,
1995.05030,-23.82000,,,
1995.07720,-36.02000,,,
1995.10440,-40.52000,,,
1995.13180,-29.02000,,,
1995.15870,-18.92000,,,
1995.21320,-60.52000,,,
1995.24060,-54.02000,,,
1995.26750,-46.32000,,,
1995.29470,-41.52000,,,
1995.32180,-48.92000,,,
1995.37610,-32.82000,,,
1995.40330,-30.52000,,,
1995.43040,-36.12000,,,
1995.45760,-32.92000,,,
1995.48470,-38.52000,,,
1995.53910,-6.02000,,,
1995.56620,-2.22000,,,
1995.59330,11.88000,,,
1995.62040,46.38000,,,
1995.64760,44.08000,,,
1995.67460,43.28000,,,
1995.70190,48.58000,,,
1995.72910,57.88000,,,
1995.75620,66.68000,,,
1995.78340,64.78000,,,
1995.83770,39.28000,,,
1995.86480,39.98000,,,
1995.89050,36.18000,,,
1995.94620,24.08000,,,
1995.97360,3.78000,,,
1996.00020,-20.72000,,,
1996.02800,-23.82000,,,
1996.05430,-31.12000,,,
1996.08170,-36.92000,,,
1996.10920,-42.72000,,,
1996.16370,-45.72000,,,
1996.19040,-55.02000,,,
1996.21770,-68.02000,,,
1996.24480,-77.52000,,,
1996.27200,-57.82000,,,
1996.29930,-65.52000,,,
1996.32630,-56.22000,,,
1996.35360,-54.42000,,,
1996.38050,-44.12000,,,
1996.40770,-26.32000,,,
1996.43470,-48.82000,,,
1996.48910,-43.62000,,,
1996.51640,-12.12000,,,
1996.54340,8.88000,,,
1996.57070,21.48000,,,
1996.59800,2.38000,,,
1996.62510,18.58000,,,
1996.65210,33.68000,,,
1996.67920,45.78000,,,
1996.70570,46.98000,,,
1996.73390,60.88000,,,
1996.76070,61.48000,,,
1996.81520,60.78000,,,
1996.84220,53.88000,,,
1996.86910,54.08000,,,
1996.89650,29.48000,,,
1996.92370,16.58000,,,
1996.95090,10.68000,,,
1996.97730,2.88000,,,
1997.00500,-4.72000,,,
1997.03230,10.48000,,,
1997.05930,10.18000,,,
1997.08640,-18.92000,,,
1997.14130,-51.22000,,,
1997.16750,-44.62000,,,
1997.19520,-29.22000,,,
1997.22220,-47.52000,,,
1997.24930,-61.72000,,,
1997.27650,-61.82000,,,
1997.30370,-56.82000,,,
1997.33090,-43.12000,,,
1997.35780,-32.32000,,,
1997.38520,-28.82000,,,
1997.41220,-35.52000,,,
1997.46650,-41.72000,,,
1997.49350,-21.52000,,,
1997.52080,-20.92000,,,
1997.54790,-6.22000,,,
1997.57510,3.38000,,,
1997.62930,17.68000,,,
1997.65660,33.98000,,,
1997.68350,50.78000,,,
1997.71090,52.18000,,,
1997.73810,45.48000,,,
1997.79220,52.68000,,,
1997.81940,43.98000,,,
1997.84650,39.38000,,,
1997.87370,33.88000,,,
1997.90080,9.98000,,,
1997.92800,-2.22000,,,
1997.95500,-8.32000,,,
1997.98220,-12.32000,,,
1998.00940,-5.52000,,,
1998.03670,2.98000,,,
1998.09100,-48.22000,,,
1998.11800,-35.92000,,,
1998.14520,-45.62000,,,
1998.17230,-42.52000,,,
1998.19950,-43.82000,,,
1998.22670,-69.22000,,,
1998.25400,-48.62000,,,
1998.27970,-57.92000,,,
1998.30810,-46.62000,,,
1998.33530,-39.42000,,,
1998.36240,-27.02000,,,
1998.41640,-45.32000,,,
1998.44380,-42.42000,,,
1998.47100,-16.12000,,,
1998.49820,-2.42000,,,
1998.52530,16.78000,,,
1998.55250,28.88000,,,
1998.60680,24.78000,,,
1998.63390,44.98000,,,
1998.66110,62.18000,,,
1998.68800,67.38000,,,
1998.71540,69.28000,,,
1998.74240,47.08000,,,
1998.76930,53.58000,,,
1998.82390,78.18000,,,
1998.85080,57.68000,,,
1998.87820,39.98000,,,
1998.90520,31.08000,,,
1998.93240,23.58000,,,
1998.95990,35.68000,,,
1998.98670,30.98000,,,
1999.01420,17.48000,,,
1999.04110,-2.12000,,,
1999.09560,-0.82000,,,
1999.12630,-8.42000,,,
1999.14950,-4.02000,,,
1999.17680,-29.92000,,,
1999.20410,-27.82000,,,
1999.23100,-57.32000,,,
1999.25840,-44.72000,,,
1999.28530,-19.62000,,,
1999.33990,-31.72000,,,
1999.36680,-43.42000,,,
1999.39390,-41.42000,,,
1999.42130,-19.62000,,,
1999.44830,-9.42000,,,
1999.47550,-6.32000,,,
1999.50260,9.58000,,,
1999.52970,14.88000,,,
1999.55690,22.78000,,,
1999.58410,41.18000,,,
1999.61120,50.18000,,,
1999.63830,60.28000,,,
1999.69260,64.68000,,,
1999.71970,65.38000,,,
1999.74660,78.88000,,,
1999.77410,64.98000,,,
1999.80120,68.88000,,,
1999.82850,58.58000,,,
1999.85560,64.08000,,,
1999.88270,51.28000,,,
1999.90980,45.78000,,,
1999.96410,31.28000,,,
1999.99120,19.18000,,,
2000.01840,36.08000,,,
2000.04540,22.68000,,,
2000.07270,6.28000,,,
2000.09940,4.58000,,,
2000.12720,10.68000,,,
2000.15430,-21.02000,,,
2000.18140,-26.02000,,,
2000.20850,-37.92000,,,
2000.23560,-42.32000,,,
2000.28980,-20.12000,,,
2000.31710,-26.32000,,,
2000.34420,-39.12000,,,
2000.37140,-24.52000,,,
2000.39840,-16.02000,,,
2000.42560,-14.62000,,,
2000.45280,-7.42000,,,
2000.47990,-3.42000,,,
2000.50710,0.38000,,,
2000.53430,12.68000,,,
2000.58850,42.38000,,,
2000.61540,44.08000,,,
2000.64290,43.78000,,,
2000.66990,38.78000,,,
2000.69720,61.58000,,,
2000.72390,67.08000,,,
2000.75150,72.98000,,,
2000.77850,55.98000,,,
2000.80570,70.78000,,,
2000.86010,61.58000,,,
2000.88630,47.28000,,,
2000.91490,40.28000,,,
2000.94150,30.38000,,,
2000.96870,18.48000,,,
2000.99560,6.38000,,,
2001.02280,0.48000,,,
2001.07760,1.58000,,,
2001.10460,-21.02000,,,
2001.13150,-22.22000,,,
2001.15880,-42.32000,,,
2001.18580,-48.02000,,,
2001.21290,-58.12000,,,
2001.24010,-59.02000,,,
2001.26730,-62.62000,,,
2001.29440,-59.72000,,,
2001.32140,-61.72000,,,
2001.34870,-46.42000,,,
2001.37580,-49.12000,,,
2001.40300,-55.22000,,,
2001.43010,-43.52000,,,
2001.45720,-32.42000,,,
2001.48440,-18.92000,,,
2001.51160,-5.32000,,,
2001.53860,4.18000,,,
2001.56590,22.08000,,,
2001.59290,15.78000,,,
2001.62020,4.88000,,,
2001.64730,28.88000,,,
2001.67440,46.48000,,,
2001.70160,58.48000,,,
2001.72880,64.48000,,,
2001.75590,54.98000,,,
2001.78330,57.28000,,,
2001.81020,65.18000,,,
2001.83740,71.38000,,,
2001.86460,60.08000,,,
2001.89230,37.58000,,,
2001.91880,30.48000,,,
2001.94600,17.18000,,,
2001.97320,10.28000,,,
2002.00000,7.08000,,,
2002.02720,-0.62000,,,
2002.05380,,-7.76000,,
2002.05410,-6.72000,,,
2002.08170,-5.12000,,,
2002.08230,,-0.76000,,
2002.10890,-10.62000,-9.76000,,
2002.13590,,-14.06000,,
2002.13600,-18.72000,,,
2002.16320,-16.22000,,,
2002.16330,,-19.56000,,
2002.19030,-39.52000,,,
2002.19070,,-51.06000,,
2002.21760,-46.62000,-58.66000,,
2002.24460,-68.22000,-66.96000,,
2002.27160,,-42.46000,,
2002.27170,-50.12000,,,
2002.29910,,-42.86000,,
2002.29990,-51.82000,,,
2002.32600,-33.62000,,,
2002.32610,,-30.86000,,
2002.35320,-52.12000,-50.36000,,
2002.38020,-31.72000,,,
2002.38030,,-33.16000,,
2002.40730,-26.42000,,,
2002.40740,,-27.56000,,
2002.43450,-28.32000,-25.16000,,
2002.46180,,-24.46000,,
2002.46200,-24.82000,,,
2002.48890,-33.82000,-39.26000,,
2002.51610,,-9.96000,,
2002.54320,30.38000,,,
2002.54340,,19.74000,,
2002.57020,24.18000,,,
2002.57040,,29.84000,,
2002.59740,20.38000,,,
2002.59760,,33.34000,,
2002.62460,25.08000,37.44000,,
2002.65200,,51.94000,,
2002.65530,51.58000,,,
2002.67890,66.28000,62.94000,,
2002.70600,,72.24000,,
2002.70660,75.38000,,,
2002.73300,63.88000,,,
2002.73320,,67.84000,,
2002.76030,57.98000,,,
2002.76050,,55.24000,,
2002.78620,77.18000,,,
2002.78740,,77.24000,,
2002.81470,,51.64000,,
2002.81480,58.68000,,,
2002.84150,63.78000,,,
2002.84160,,49.04000,,
2002.86860,46.08000,,,
2002.86900,,31.34000,,
2002.89500,,27.14000,,
2002.89790,32.58000,,,
2002.92310,36.38000,,,
2002.92320,,31.54000,,
2002.95030,27.08000,,,
2002.95050,,22.64000,,
2002.97710,13.48000,,,
2002.97730,,12.64000,,
2003.00430,5.68000,,,
2003.00480,,0.64000,,
2003.03170,,-5.46000,,
2003.03180,-2.12000,,,
2003.05920,-0.42000,,,
2003.05940,,-5.76000,,
2003.08610,-18.32000,,,
2003.08630,,-22.06000,,
2003.11290,-16.72000,,,
2003.11310,,-18.96000,,
2003.14040,-20.92000,,,
2003.14060,,-27.76000,,
2003.16740,-18.62000,,,
2003.16770,,-38.56000,,
2003.19510,-21.52000,,,
2003.19530,,-35.96000,,
2003.22170,-29.32000,,,
2003.22190,,-38.96000,,
2003.24870,-44.42000,,,
2003.24910,,-45.26000,,
2003.27580,-46.12000,,,
2003.28080,,-53.06000,,
2003.30330,-55.82000,-54.06000,,
2003.33010,-30.82000,,,
2003.33040,,-31.66000,,
2003.35760,,-28.36000,,
2003.35770,-17.12000,,,
2003.38450,-33.02000,,,
2003.38480,,-35.66000,,
2003.41160,-18.22000,,,
2003.41200,,-22.66000,,
2003.43850,-16.62000,,,
2003.43920,,-25.16000,,
2003.46620,-0.52000,-8.46000,,
2003.49320,,-7.26000,,
2003.49330,15.28000,,,
2003.52030,7.58000,,,
2003.52070,,4.94000,,
2003.54720,12.08000,,,
2003.54760,,18.14000,,
2003.57470,14.98000,,,
2003.57480,,21.14000,,
2003.60180,45.48000,,,
2003.60210,,47.04000,,
2003.62880,50.28000,,,
2003.62930,,46.44000,,
2003.65590,43.48000,,,
2003.65620,,45.24000,,
2003.68340,64.88000,64.14000,,
2003.71030,64.58000,,,
2003.71060,,75.04000,,
2003.73750,73.18000,,,
2003.73780,,78.34000,,
2003.76470,67.08000,,,
2003.76490,,65.34000,,
2003.79180,69.58000,,,
2003.79220,,60.14000,,
2003.81910,74.78000,,,
2003.81920,,64.24000,,
2003.84600,90.48000,,,
2003.84640,,69.34000,,
2003.87120,,61.94000,,
2003.87350,56.98000,,,
2003.90040,29.58000,,,
2003.91130,,33.14000,,
2003.92740,37.08000,,,
2003.92770,,35.94000,,
2003.95470,41.68000,,,
2003.95490,,33.94000,,
2003.98160,25.38000,,,
2003.98200,,16.54000,,
2004.00900,-0.22000,,,
2004.00920,,3.64000,,
2004.03590,14.78000,,,
2004.03620,,17.64000,,
2004.06300,-0.62000,,,
2004.06340,,1.74000,,
2004.09080,-17.02000,-14.86000,,
2004.11360,,-28.96000,,
2004.11790,-11.62000,,,
2004.14470,-16.12000,,,
2004.14900,,-25.66000,,
2004.17190,-45.22000,,,
2004.17210,,-42.16000,,
2004.19920,-36.32000,,,
2004.19930,,-31.96000,,
2004.22610,-20.92000,,,
2004.22640,,-20.26000,,
2004.25230,,-45.26000,,
2004.25340,-45.42000,,,
2004.28020,-51.62000,,,
2004.28080,,-51.86000,,
2004.30780,-46.12000,,,
2004.30800,,-49.76000,,
2004.33490,-24.02000,,,
2004.33500,,-31.46000,,
2004.36190,-27.92000,,,
2004.36220,,-29.16000,,
2004.38870,-31.92000,,,
2004.38910,,-32.26000,,
2004.41640,,-27.46000,,
2004.44370,,-14.56000,,
2004.47070,,-11.76000,,
2004.47320,-2.32000,,,
2004.49740,-6.62000,,,
2004.49800,,1.44000,,
2004.52260,-16.62000,,,
2004.52500,,-3.76000,,
2004.54960,-3.72000,,,
2004.55230,,6.94000,,
2004.57760,15.38000,,,
2004.57940,,22.74000,,
2004.60630,33.78000,,,
2004.60660,,39.84000,,
2004.63380,37.88000,36.84000,,
2004.66060,38.98000,43.44000,,
2004.68740,57.48000,,,
2004.68800,,65.04000,,
2004.71480,70.18000,,,
2004.71500,,76.44000,,
2004.74220,,69.04000,,
2004.74250,68.78000,,,
2004.76910,85.48000,,,
2004.76940,,83.44000,,
2004.79630,61.88000,,,
2004.79650,,68.44000,,
2004.82370,51.18000,50.84000,,
2004.85020,55.28000,,,
2004.85100,,60.54000,,
2004.87770,50.28000,,,
2004.87790,,53.94000,,
2004.90490,30.78000,,,
2004.90520,,39.54000,,
2004.93200,32.08000,,,
2004.93220,,34.74000,,
2004.95410,32.48000,,,
2004.95950,,30.44000,,
2004.98610,31.38000,,,
2004.98650,,30.04000,,
2005.01350,9.58000,,,
2005.01370,,23.84000,,
2005.04030,31.88000,,,
2005.04040,,40.84000,,
2005.06790,12.18000,11.24000,,
2005.09480,-13.12000,-20.36000,,
2005.12230,-14.62000,,,
2005.12250,,-22.66000,,
2005.14880,-40.52000,,,
2005.14950,,-35.26000,,
2005.17600,-52.62000,,,
2005.17620,,-38.16000,,
2005.20390,,-40.56000,,
2005.20410,-50.02000,,,
2005.23050,,-27.76000,,
2005.23080,-36.12000,,,
2005.25780,-40.22000,,,
2005.25800,,-38.16000,,
2005.28480,-42.82000,,,
2005.28490,,-38.06000,,
2005.31020,-42.92000,,,
2005.31230,,-29.06000,,
2005.33920,,-22.76000,,
2005.33970,-31.92000,,,
2005.36640,-51.42000,-43.46000,,
2005.39370,-37.92000,,,
2005.39380,,-36.46000,,
2005.42060,-20.52000,,,
2005.42110,,-24.06000,,
2005.44770,-8.42000,,,
2005.44810,,-5.16000,,
2005.47490,-10.92000,,,
2005.47520,,-0.66000,,
2005.50210,-8.92000,,,
2005.50250,,6.64000,,
2005.52970,,24.34000,,
2005.52980,12.48000,,,
2005.55640,20.78000,,,
2005.55670,,28.44000,,
2005.58340,15.28000,,,
2005.58400,,19.14000,,
2005.61070,38.98000,,,
2005.61100,,41.74000,,
2005.63800,50.68000,,,
2005.63840,,57.34000,,
2005.66500,39.88000,,,
2005.66540,,52.24000,,
2005.69210,52.78000,,,
2005.69240,,62.34000,,
2005.71390,,68.54000,,
2005.71930,63.58000,,,
2005.74670,85.08000,,,
2005.75140,,89.34000,,
2005.76540,75.48000,,,
2005.77360,,75.84000,,
2005.80110,,52.74000,,
2005.82810,,61.74000,,
2005.85540,,70.04000,,
2005.88240,,40.14000,,
2005.90960,,40.74000,,
2005.93670,,45.24000,,
2005.96390,,24.14000,,
2005.99100,,17.14000,,
2006.01810,,7.34000,,
2006.04530,,3.44000,,
2006.07270,,0.44000,,
2006.09960,,-6.06000,,
2006.12690,,-12.76000,,
2006.15370,,-33.06000,,
2006.18100,,-44.66000,,
2006.20820,,-47.16000,,
2006.23540,,-46.66000,,
2006.26250,,-37.66000,,
2006.28970,,-51.06000,,
2006.31670,,-47.26000,,
2006.34400,,-31.36000,,
2006.37120,,-17.26000,,
2006.39820,,-6.66000,,
2006.42540,,-18.56000,,
2006.45270,,-11.46000,,
2006.47970,,10.84000,,
2006.50680,,11.44000,,
2006.53390,,16.14000,,
2006.56120,,31.14000,,
2006.58830,,41.64000,,
2006.61550,,31.24000,,
2006.64260,,49.14000,,
2006.66990,,66.04000,,
2006.69690,,77.24000,,
2006.72420,,72.54000,,
2006.75120,,82.94000,,
2006.77810,,81.24000,,
2006.80550,,75.34000,,
2006.82440,,73.84000,,
2006.88940,,38.74000,,
2006.91440,,40.04000,,
2006.94080,,34.64000,,
2006.96840,,28.84000,,
2006.99540,,24.54000,,
2007.02240,,13.34000,,
2007.04960,,7.14000,,
2007.07680,,-8.66000,,
2007.10380,,-29.06000,,
2007.13050,,-42.66000,,
2007.15870,,-36.56000,,
2007.18530,,-30.36000,,
2007.21280,,-33.06000,,
2007.24000,,-34.36000,,
2007.26670,,-35.26000,,
2007.29410,,-50.06000,,
2007.32130,,-47.36000,,
2007.34840,,-44.76000,,
2007.37560,,-26.06000,,
2007.40290,,-14.16000,,
2007.42980,,-10.26000,,
2007.45700,,-18.66000,,
2007.48420,,-0.26000,,
2007.51150,,9.74000,,
2007.53840,,21.24000,,
2007.56550,,20.54000,,
2007.59300,,31.84000,,
2007.62000,,34.64000,,
2007.64730,,42.94000,,
2007.67430,,58.44000,,
2007.70140,,56.24000,,
2007.72850,,71.24000,,
2007.75580,,89.34000,,
2007.78290,,79.34000,,
2007.81010,,67.94000,,
2007.83710,,60.34000,,
2007.86430,,32.64000,,
2007.89140,,46.94000,,
2007.91850,,46.04000,,
2007.94560,,38.44000,,
2007.97300,,17.94000,,
2007.99980,,9.34000,,
2008.02710,,8.04000,,
2008.05410,,8.94000,,
2008.08150,,2.64000,,
2008.10850,,-15.06000,,
2008.13560,,-17.06000,,
2008.16290,,-26.66000,,
2008.19000,,-31.06000,,
2008.21720,,-39.46000,,
2008.24430,,-36.66000,,
2008.27150,,-38.56000,,
2008.29870,,-26.66000,,
2008.32590,,-22.26000,,
2008.34650,,-25.36000,,
2008.38010,,-21.16000,,
2008.40710,,-17.86000,,
2008.43440,,-14.96000,,
2008.46150,,4.74000,,
2008.48870,,20.34000,,
2008.51580,,22.84000,,
2008.54290,,29.64000,,
2008.54310,,,33.72000,
2008.57010,,,36.12000,
2008.57020,,28.04000,,
2008.59230,,28.74000,,
2008.59720,,,32.72000,
2008.62430,,,49.32000,
2008.65120,,,49.22000,
2008.65150,,41.34000,,
2008.67870,,58.84000,62.72000,
2008.70580,,70.94000,,
2008.70590,,,73.82000,
2008.73300,,79.04000,75.72000,
2008.76000,,71.14000,,
2008.76010,,,67.82000,
2008.78720,,,74.22000,
2008.78730,,75.34000,,
2008.81450,,78.24000,76.02000,
2008.84160,,65.04000,63.12000,
2008.86870,,74.04000,69.92000,
2008.89580,,70.74000,,
2008.89590,,,65.42000,
2008.92300,,,33.72000,
2008.92310,,40.74000,,
2008.94990,,,35.32000,
2008.95000,,39.64000,,
2008.97750,,33.04000,26.82000,
2009.00450,,16.14000,3.82000,
2009.03120,,1.84000,,
2009.03170,,,-2.98000,
2009.05920,,10.04000,,
2009.05930,,,6.52000,
2009.08560,,,-8.18000,
2009.11320,,,-14.68000,
2009.12690,,-10.46000,,
2009.14020,,,-20.78000,
2009.15370,,-17.56000,,
2009.16720,,,-20.58000,
2009.18080,,-23.96000,,
2009.19440,,,-23.68000,
2009.20770,,-27.76000,,
2009.22170,,,-25.38000,
2009.23520,,-32.66000,,
2009.24870,,,-36.18000,
2009.26230,,-39.76000,,
2009.27590,,,-34.08000,
2009.28940,,-28.16000,,
2009.30320,,,-23.78000,
2009.31650,,-18.76000,,
2009.33020,,,-19.58000,
2009.34360,,-16.86000,,
2009.35720,,,-7.48000,
2009.37090,,-1.76000,,
2009.38460,,,-10.18000,
2009.39800,,-5.36000,,
2009.41140,,,-11.48000,
2009.42510,,-0.26000,,
2009.43880,,,10.52000,
2009.45220,,8.24000,,
2009.46590,,,7.12000,
2009.47940,,8.54000,,
2009.49330,,,23.12000,
2009.50660,,29.84000,,
2009.52040,,,31.32000,
2009.53380,,23.84000,,
2009.54740,,,32.92000,
2009.56080,,26.94000,,
2009.57460,,,25.52000,
2009.58810,,31.64000,,
2009.60170,,,50.02000,
2009.61510,,53.14000,,
2009.62910,,,71.52000,
2009.64230,,66.34000,,
2009.65630,,,70.32000,
2009.66950,,71.84000,,
2009.68310,,,68.62000,
2009.69510,,76.04000,,
2009.71020,,,75.22000,
2009.73590,,87.04000,,
2009.73750,,,73.72000,
2009.75100,,67.54000,,
2009.76460,,,77.22000,
2009.77800,,76.14000,,
2009.79160,,,75.92000,
2009.80510,,74.84000,,
2009.81870,,,80.32000,
2009.83230,,79.44000,,
2009.84610,,,67.02000,
2009.85940,,56.14000,,
2009.87320,,,43.22000,
2009.88650,,53.14000,,
2009.90050,,,49.82000,
2009.91370,,44.54000,,
2009.92720,,,41.72000,
2009.94090,,46.54000,,
2009.95450,,,31.62000,
2009.96810,,28.44000,,
2009.98180,,,18.22000,
2009.99530,,15.84000,,
2010.00910,,,-0.98000,
2010.02230,,-5.56000,,
2010.03610,,,-25.08000,
2010.04940,,-11.66000,,
2010.06320,,,-19.48000,
2010.07660,,-22.46000,,
2010.08980,,,-36.08000,
2010.10390,,-43.56000,,
2010.11740,,,-53.18000,
2010.13110,,-42.36000,,
2010.14450,,,-50.08000,
2010.15810,,-47.76000,,
2010.17190,,,-55.38000,
2010.18520,,-55.56000,,
2010.19890,,,-57.78000,
2010.21250,,-53.56000,,
2010.22610,,,-52.98000,
2010.23950,,-43.36000,,
2010.25320,,,-64.38000,
2010.26660,,-57.76000,,
2010.28050,,,-56.48000,
2010.29390,,-52.16000,,
2010.30750,,,-61.28000,
2010.32100,,-45.76000,,
2010.33480,,,-46.38000,
2010.34820,,-39.06000,,
2010.36170,,,-52.38000,
2010.37520,,-44.46000,,
2010.38890,,,-43.48000,
2010.40260,,-35.16000,,
2010.41620,,,-24.48000,
2010.42870,,-19.06000,,
2010.44340,,,-5.88000,
2010.45680,,-6.86000,,
2010.47050,,,-0.38000,
2010.48390,,-12.66000,,
2010.49770,,,1.72000,
2010.51100,,0.24000,,
2010.52490,,,15.42000,
2010.53840,,19.24000,,
2010.55190,,,18.42000,
2010.56460,,13.74000,,
2010.57910,,,17.72000,
2010.59240,,21.54000,,
2010.60610,,,39.92000,
2010.61980,,38.84000,,
2010.63330,,,45.22000,
2010.64670,,47.94000,,
2010.66050,,,64.62000,
2010.67380,,67.44000,,
2010.68780,,,74.62000,
2010.70110,,77.24000,,
2010.71470,,,81.02000,
2010.72840,,81.94000,,
2010.74200,,,72.52000,
2010.75530,,62.94000,,
2010.76930,,,65.02000,
2010.78270,,76.14000,,
2010.79620,,,74.02000,
2010.80980,,65.84000,,
2010.82330,,,47.12000,
2010.83690,,39.34000,,
2010.85030,,,34.72000,
2010.86410,,54.74000,,
2010.87770,,,44.92000,
2010.89120,,41.34000,,
2010.90490,,,31.42000,
2010.91820,,17.04000,,
2010.93200,,,13.32000,
2010.94540,,-2.46000,,
2010.95910,,,0.12000,
2010.97230,,-4.26000,,
2010.98640,,,-11.78000,
2010.99990,,-10.16000,,
2011.01330,,,-8.98000,
2011.02670,,-1.46000,,
2011.04080,,,3.22000,
2011.05400,,-8.26000,,
2011.06770,,,-32.38000,
2011.08080,,-32.86000,,
2011.09460,,,-29.68000,
2011.10770,,-34.56000,,
2011.12240,,,-30.78000,
2011.13570,,-29.56000,,
2011.14920,,,-30.38000,
2011.16250,,-29.56000,,
2011.17620,,,-36.88000,
2011.18970,,-38.86000,,
2011.20350,,,-59.18000,
2011.21690,,-63.86000,,
2011.23060,,,-63.28000,
2011.24400,,-64.06000,,
2011.25770,,,-61.28000,
2011.27100,,-50.76000,,
2011.28490,,,-48.98000,
2011.29830,,-50.86000,,
2011.31200,,,-51.38000,
2011.32550,,-43.66000,,
2011.33920,,,-50.98000,
2011.35260,,-46.26000,,
2011.36630,,,-44.38000,
2011.37980,,-40.26000,,
2011.39350,,,-36.18000,
2011.40700,,-37.86000,,
2011.42060,,,-28.08000,
2011.43390,,-20.26000,,
2011.44780,,,-14.38000,
2011.46110,,-11.06000,,
2011.47500,,,1.52000,
2011.48840,,2.04000,,
2011.50210,,,2.72000,
2011.51550,,-6.36000,,
2011.52930,,,6.22000,
2011.54270,,14.14000,,
2011.55630,,,22.92000,
2011.56980,,14.74000,,
2011.58350,,,21.02000,
2011.59710,,18.84000,,
2011.61070,,,28.12000,
2011.62410,,33.04000,,
2011.63800,,,45.42000,
2011.65120,,49.44000,,
2011.66510,,,49.72000,
2011.67830,,49.84000,,
2011.69220,,,53.72000,
2011.70560,,63.44000,,
2011.71930,,,60.82000,
2011.73230,,48.14000,,
2011.74640,,,53.52000,
2011.75960,,67.34000,,
2011.77350,,,65.62000,
2011.78710,,73.84000,,
2011.80070,,,83.22000,
2011.81400,,75.24000,,
2011.82740,,,65.12000,
2011.84140,,60.04000,,
2011.85500,,,48.72000,
2011.86850,,47.34000,,
2011.88220,,,42.52000,
2011.89570,,41.84000,,
2011.90950,,,43.32000,
2011.92240,,47.94000,,
2011.93600,,,49.22000,
2011.95010,,48.84000,,
2011.96380,,,37.52000,
2011.97700,,33.94000,,
2011.99050,,,23.02000,
2012.00430,,25.54000,,
2012.01810,,,16.42000,
2012.03120,,11.64000,,
2012.04500,,,8.92000,
2012.05850,,9.04000,,
2012.07220,,,-5.18000,
2012.08510,,-2.76000,,
2012.09940,,,-3.08000,
2012.11240,,-1.16000,,
2012.12650,,,-12.88000,
2012.12730,,8.74000,,
2012.15360,,,-27.08000,
2012.16720,,-43.56000,,
2012.18080,,,-23.58000,
2012.20790,,,-18.58000,
2012.23520,,,-22.18000,
2012.26230,,,-19.88000,
2012.28930,,,-20.38000,
2012.31660,,,-22.88000,
2012.34350,,,-18.08000,
2012.36420,,-4.46000,,
2012.37090,,,0.32000,
2012.39390,,-5.76000,,
2012.39800,,,-0.68000,
2012.42340,,-9.36000,,
2012.42500,,,0.62000,
2012.45220,,,4.92000,
2012.45360,,-4.46000,,
2012.47390,,21.04000,,
2012.47940,,,23.42000,
2012.49410,,22.54000,,
2012.50670,,,27.22000,
2012.52410,,24.44000,,
2012.53390,,,34.92000,
2012.55390,,37.44000,,
2012.56090,,,42.82000,
2012.58360,,54.04000,,
2012.58790,,,60.02000,
2012.60420,,54.14000,,
2012.61530,,,68.12000,
2012.62460,,73.14000,,
2012.64230,,,91.02000,
2012.65490,,87.74000,,
2012.66950,,,93.92000,
2012.68420,,87.34000,,
2012.69660,,,88.72000,
2012.71420,,94.34000,,
2012.72380,,,86.32000,
2012.73420,,78.24000,,
2012.75100,,,93.82000,
2012.75490,,97.44000,,
2012.77800,,,96.32000,
2012.78450,,89.74000,,
2012.80510,,,99.72000,
2012.81470,,88.04000,,
2012.83240,,,90.12000,
2012.83500,,89.64000,,
2012.85520,,79.34000,,
2012.85940,,,75.42000,
2012.88530,,59.04000,,
2012.88660,,,56.72000,
2012.91370,,,55.52000,
2012.91480,,56.24000,,
2012.94060,,,41.92000,
2012.94440,,37.74000,,
2012.96520,,30.84000,,
2012.96840,,,32.82000,
2012.98580,,26.04000,,
2012.99510,,,21.82000,
2013.01540,,21.44000,,
2013.02220,,,19.02000,
2013.04480,,16.94000,,
2013.04940,,,10.92000,
2013.07510,,18.04000,,
2013.07690,,,11.52000,
2013.09550,,14.74000,,
2013.10400,,,13.72000,
2013.11570,,-6.56000,,
2013.13090,,,-18.88000,
2013.14560,,-25.56000,,
2013.15830,,,-24.68000,
2013.18520,,,-26.58000,
2013.21220,,,-32.98000,
2013.21900,,-21.86000,,
2013.22590,,-36.66000,,
2013.24650,,-28.56000,,
2013.27570,,-52.96000,,
2013.29410,,,-30.98000,
2013.30570,,-27.46000,,
2013.32100,,,-22.78000,
2013.32630,,-30.16000,,
2013.34660,,-13.86000,,
2013.34820,,,-8.18000,
2013.37540,,,-11.78000,
2013.37650,,-11.16000,,
2013.40250,,,-23.58000,
2013.40630,,-26.56000,,
2013.42960,,,-17.98000,
2013.43610,,-20.96000,,
2013.45670,,-3.66000,1.72000,
2013.48390,,,9.32000,
2013.51110,,,36.62000,
2013.53830,,,49.22000,
2013.56550,,,40.62000,
2013.59260,,,55.02000,
2013.61960,,,69.62000,
2013.64680,,,75.52000,
2013.66970,,,78.52000,
2013.70760,,,76.52000,
2013.72830,,,75.82000,
2013.75530,,,77.62000,
2013.78250,,,85.62000,
2013.80960,,,75.92000,
2013.83690,,,95.52000,
2013.86390,,,72.42000,
2013.89120,,,66.62000,
2013.91810,,,57.32000,
2013.94520,,,57.82000,
2013.97230,,,47.02000,
2013.99930,,,28.02000,
2014.02730,,,24.72000,
2014.05390,,,13.62000,
2014.08130,,,1.22000,
2014.10830,,,-15.88000,
2014.13580,,,-19.18000,
2014.16250,,,-14.88000,
2014.18990,,,-31.48000,
2014.21710,,,-34.08000,
2014.24440,,,-39.88000,
2014.27110,,,-34.48000,
2014.29840,,,-23.78000,
2014.32550,,,-26.58000,
2014.35270,,,-1.68000,
2014.37980,,,-13.28000,
2014.40690,,,-9.88000,
2014.43410,,,-11.88000,
2014.46120,,,13.92000,
2014.48840,,,28.32000,
2014.51540,,,36.72000,
2014.54270,,,35.32000,
2014.56990,,,48.52000,
2014.59700,,,62.32000,
2014.62420,,,61.02000,
2014.65140,,,69.42000,
2014.67820,,,81.02000,
2014.70550,,,83.82000,
2014.73290,,,85.42000,
2014.76000,,,84.82000,
2014.78710,,,74.82000,
2014.81410,,,78.72000,
2014.84130,,,71.22000,
2014.86850,,,79.12000,
2014.89560,,,66.62000,
2014.92250,,,74.92000,
2014.95010,,,56.72000,
2014.97820,,,31.82000,
2015.00400,,,22.62000,
2015.03130,,,22.12000,
2015.05860,,,17.92000,
2015.08550,,,16.42000,
2015.11260,,,-1.18000,
2015.14020,,,8.92000,
2015.16700,,,-3.58000,
2015.19430,,,-1.68000,
2015.22130,,,-9.48000,
2015.24870,,,-15.58000,
2015.27560,,,-16.48000,
2015.30300,,,-13.68000,
2015.33000,,,-10.18000,
2015.35710,,,-5.28000,
2015.38420,,,-5.58000,
2015.41140,,,7.72000,
2015.43850,,,2.62000,
2015.46560,,,15.12000,
2015.49300,,,34.12000,
2015.52000,,,40.72000,
2015.54710,,,55.22000,
2015.57430,,,57.42000,
2015.60140,,,75.12000,
2015.62870,,,83.92000,
2015.65570,,,89.52000,
2015.68290,,,94.32000,
2015.71010,,,92.82000,
2015.73720,,,92.82000,
2015.76430,,,108.82000,
2015.79150,,,101.22000,
2015.81840,,,96.92000,
2015.84580,,,78.82000,
2015.87300,,,77.82000,
2015.90010,,,71.92000,
2015.92730,,,71.72000,
2015.95400,,,54.92000,
2015.98150,,,52.42000,
2016.00850,,,36.92000,
2016.03590,,,27.52000,
2016.06290,,,26.22000,
2016.09020,,,33.62000,
2016.11740,,,10.92000,
2016.12320,,,,5.94000
2016.14440,,,10.12000,
2016.14450,,,,7.04000
2016.17140,,,5.42000,
2016.17150,,,,4.34000
2016.19650,,,,-15.96000
2016.19850,,,-18.18000,
2016.22570,,,-20.58000,-19.36000
2016.25190,,,-13.18000,
2016.25280,,,,-11.56000
2016.28030,,,-10.68000,-7.16000
2016.30730,,,9.62000,11.24000
2016.33440,,,14.72000,15.34000
2016.36180,,,15.22000,17.14000
2016.38880,,,4.92000,5.44000
2016.41590,,,-4.88000,
2016.41600,,,,-4.96000
2016.44320,,,15.72000,
2016.44330,,,,14.34000
2016.47030,,,29.12000,
2016.47040,,,,27.74000
2016.49740,,,40.52000,37.44000
2016.52460,,,46.12000,
2016.52470,,,,42.84000
2016.55170,,,70.42000,64.64000
2016.57870,,,71.22000,
2016.57880,,,,65.64000
2016.60610,,,79.92000,
2016.60620,,,,75.74000
2016.63310,,,82.12000,
2016.63320,,,,78.34000
2016.66020,,,93.72000,
2016.66030,,,,90.74000
2016.68750,,,93.32000,95.74000
2016.71460,,,104.82000,105.54000
2016.74170,,,106.72000,108.84000
2016.76880,,,,105.04000
2016.79060,,,96.02000,
2016.79590,,,,95.34000
2016.80930,,,100.92000,
2016.82330,,,,110.34000
2016.83650,,,108.22000,
2016.85040,,,,99.04000
2016.86380,,,85.82000,
2016.87740,,,,85.44000
2016.89090,,,79.92000,
2016.90450,,,,75.44000
2016.91800,,,68.92000,
2016.93030,,,,71.64000
2016.94490,,,75.92000,
2016.95860,,,,82.44000
2016.97220,,,73.02000,
2016.98620,,,,59.24000
2016.99940,,,55.82000,
2017.01300,,,,47.84000
2017.02650,,,46.82000,
2017.04040,,,,34.74000
2017.05350,,,27.52000,
2017.06750,,,,23.24000
2017.08070,,,20.02000,
2017.09430,,,,15.74000
2017.10780,,,5.92000,
2017.12180,,,,6.74000
2017.13520,,,9.62000,
2017.14860,,,,16.84000
2017.16220,,,7.62000,
2017.17620,,,,6.14000
2017.18920,,,-4.78000,
2017.20330,,,,-5.16000
2017.20380,,,-5.98000,
2017.23020,,,,-1.66000
2017.25070,,,-5.28000,
2017.25760,,,,4.94000
2017.27080,,,13.22000,
2017.28460,,,,12.14000
2017.29810,,,18.02000,
2017.31190,,,,11.24000
2017.32510,,,4.92000,
2017.33890,,,,4.04000
2017.35260,,,6.82000,
2017.36620,,,,14.34000
2017.37120,,,8.52000,
2017.39320,,,,19.34000
2017.42030,,,,17.94000
2017.44790,,,,28.54000
2017.47470,,,,40.14000
2017.50190,,,,56.44000
2017.52900,,,,65.04000
2017.55610,,,,54.84000
2017.58340,,,,81.24000
2017.61050,,,,85.34000
2017.63770,,,,89.14000
2017.66480,,,,96.94000
2017.69190,,,,117.34000
2017.71900,,,,120.04000
2017.74630,,,,112.94000
2017.77330,,,,114.54000
2017.80050,,,,105.94000
2017.82770,,,,90.34000
2017.85490,,,,104.14000
2017.88190,,,,102.74000
2017.90910,,,,84.94000
2017.93610,,,,79.44000
2017.96360,,,,74.94000
2017.99050,,,,73.64000
2018.01780,,,,67.04000
2018.04470,,,,65.94000
2018.07190,,,,49.54000
2018.09890,,,,50.44000
2018.12610,,,,38.84000
2018.15330,,,,12.24000
2018.18070,,,,2.44000
2018.20780,,,,1.14000
2018.23480,,,,13.64000
2018.26180,,,,10.34000
2018.28920,,,,3.34000
2018.31620,,,,-8.16000
2018.34350,,,,9.94000
2018.37060,,,,25.54000
2018.39770,,,,27.54000
2018.42500,,,,27.34000
2018.45220,,,,15.34000
2018.47910,,,,37.14000
2018.50630,,,,53.04000
2018.53360,,,,51.74000
2018.56060,,,,69.54000
2018.58780,,,,89.44000
2018.61500,,,,86.54000
2018.64200,,,,96.34000
2018.66920,,,,113.84000
2018.69640,,,,136.14000
2018.72360,,,,132.84000
2018.75070,,,,121.14000
2018.77790,,,,117.54000
2018.80500,,,,113.84000
2018.83200,,,,111.44000
2018.85930,,,,111.64000
2018.88690,,,,105.24000
2018.91370,,,,103.54000
2018.94040,,,,75.44000
2018.96790,,,,58.24000
2018.99490,,,,58.94000
2019.02220,,,,43.14000
2019.04920,,,,50.64000
2019.07630,,,,37.64000
2019.10360,,,,29.34000
2019.13030,,,,30.14000
2019.14670,,,,31.34000
2019.18790,,,,18.04000
2019.21200,,,,11.14000
2019.23930,,,,22.14000
2019.26070,,,,19.74000
2019.29370,,,,15.84000
2019.32080,,,,20.14000
2019.34790,,,,27.54000
2019.37510,,,,32.14000
2019.40230,,,,33.54000
2019.42940,,,,36.74000
2019.45650,,,,37.74000
2019.48370,,,,47.74000
2019.51080,,,,65.04000
2019.53800,,,,69.14000
2019.56520,,,,88.84000
2019.59230,,,,83.54000
2019.61940,,,,92.54000
2019.64650,,,,103.24000
2019.67370,,,,108.74000
2019.70080,,,,109.94000
2019.72810,,,,123.94000
2019.75530,,,,129.44000
2019.78230,,,,129.24000
2019.80940,,,,117.74000
2019.83670,,,,115.74000
2019.86390,,,,116.64000
2019.89110,,,,113.24000
2019.91800,,,,99.54000
2019.94480,,,,79.14000
2019.97240,,,,69.74000
2019.99920,,,,65.64000
2020.02650,,,,73.84000
2020.05370,,,,63.74000
2020.07530,,,,45.84000
2020.11200,,,,43.14000
2020.13570,,,,37.24000
2020.16240,,,,30.94000
2020.18970,,,,32.84000
2020.21660,,,,22.54000
2020.24400,,,,17.34000
2020.27100,,,,12.14000
2020.29810,,,,14.94000
2020.32520,,,,12.14000
2020.35250,,,,6.04000
2020.37950,,,,-0.86000
2020.40660,,,,44.24000
2020.43390,,,,43.94000
2020.46050,,,,37.74000
2020.48810,,,,54.74000
2020.51530,,,,57.94000
2020.54250,,,,77.44000
2020.56970,,,,86.14000
2020.59670,,,,104.44000
2020.62400,,,,97.74000
2020.65100,,,,107.04000
2020.67830,,,,123.54000
2020.70540,,,,121.04000
2020.73260,,,,116.04000
2020.75960,,,,116.64000
2020.78670,,,,114.64000
2020.81150,,,,119.44000
2020.84170,,,,110.64000
2020.86830,,,,128.44000
2020.89520,,,,111.54000
2020.92250,,,,97.94000
2020.94960,,,,81.04000
2020.97670,,,,84.94000
2021.00410,,,,65.14000
2021.03120,,,,52.84000
2021.05830,,,,55.94000
2021.08550,,,,47.64000
2021.11240,,,,37.64000
2021.13940,,,,30.04000
2021.16690,,,,12.54000
2021.19400,,,,12.44000
2021.22120,,,,7.04000
2021.24840,,,,11.24000
2021.27550,,,,26.64000
2021.30190,,,,30.74000
2021.32980,,,,26.94000
2021.35690,,,,27.24000
2021.38400,,,,24.04000
2021.41110,,,,29.84000
2021.43830,,,,56.24000
2021.46560,,,,63.04000
2021.49260,,,,47.04000
2021.51980,,,,61.94000
2021.54690,,,,83.04000
2021.57410,,,,98.34000
2021.60120,,,,107.74000
2021.62830,,,,107.04000
2021.65550,,,,108.14000
2021.68260,,,,110.04000
2021.70980,,,,120.04000
2021.73690,,,,128.84000
2021.76410,,,,144.94000
2021.79120,,,,147.64000
2021.81840,,,,144.44000
2021.84540,,,,128.44000
2021.87290,,,,128.94000
2021.89980,,,,115.74000
2021.92690,,,,95.04000
2021.95450,,,,103.74000
2021.98140,,,,84.34000
2022.00800,,,,82.04000
2022.03580,,,,69.84000
2022.06290,,,,53.24000
2022.08970,,,,55.44000
2022.11570,,,,40.64000
2022.14110,,,,37.54000
2022.17270,,,,20.54000
2022.19910,,,,23.84000
2022.22170,,,,10.64000
2022.25280,,,,8.44000
2022.32010,,,,-8.36000
2022.33950,,,,14.64000
2022.36660,,,,51.74000
2022.39380,,,,38.84000
2022.42100,,,,49.14000
2022.44800,,,,67.74000
2022.47530,,,,74.74000
2022.50250,,,,69.24000
2022.52950,,,,83.54000
2022.55670,,,,99.44000
2022.58390,,,,114.54000
2022.60570,,,,104.14000
